<?xml version="1.0" encoding="UTF-8"?>
<project-private xmlns="http://www.netbeans.org/ns/project-private/1">
    <editor-bookmarks xmlns="http://www.netbeans.org/ns/editor-bookmarks/2" lastBookmarkId="0"/>
    <open-files xmlns="http://www.netbeans.org/ns/projectui-open-files/2">
        <group>
            <file>file:/D:/ING.%20SISTEMAS/5to%20ciclo/Lenguaje%20de%20programacion%20orientado%20a%20web-Saulo%20Pineda/Web%20Hotel/Proyectov14/Proyectov14/WebKaizenHotel/src/java/Controlador/DecisionAcceso.java</file>
            <file>file:/D:/ING.%20SISTEMAS/5to%20ciclo/Lenguaje%20de%20programacion%20orientado%20a%20web-Saulo%20Pineda/Web%20Hotel/Proyectov14/Proyectov14/WebKaizenHotel/src/java/Modelo/DAO/ClienteUsuarioDAO.java</file>
            <file>file:/D:/ING.%20SISTEMAS/5to%20ciclo/Lenguaje%20de%20programacion%20orientado%20a%20web-Saulo%20Pineda/Web%20Hotel/Proyectov14/Proyectov14/WebKaizenHotel/web/RegistroCliente.jsp</file>
            <file>file:/D:/ING.%20SISTEMAS/5to%20ciclo/Lenguaje%20de%20programacion%20orientado%20a%20web-Saulo%20Pineda/Web%20Hotel/Proyectov14/Proyectov14/WebKaizenHotel/src/java/Modelo/DAO/ReservaDAO.java</file>
            <file>file:/D:/ING.%20SISTEMAS/5to%20ciclo/Lenguaje%20de%20programacion%20orientado%20a%20web-Saulo%20Pineda/Web%20Hotel/Proyectov14/Proyectov14/WebKaizenHotel/src/java/Controlador/GuardarReserva.java</file>
            <file>file:/D:/ING.%20SISTEMAS/5to%20ciclo/Lenguaje%20de%20programacion%20orientado%20a%20web-Saulo%20Pineda/Web%20Hotel/Proyectov14/Proyectov14/WebKaizenHotel/src/java/Controlador/RegistrarCliente.java</file>
            <file>file:/D:/ING.%20SISTEMAS/5to%20ciclo/Lenguaje%20de%20programacion%20orientado%20a%20web-Saulo%20Pineda/Web%20Hotel/Proyectov14/Proyectov14/WebKaizenHotel/src/java/Modelo/LeerXML.java</file>
            <file>file:/D:/ING.%20SISTEMAS/5to%20ciclo/Lenguaje%20de%20programacion%20orientado%20a%20web-Saulo%20Pineda/Web%20Hotel/Proyectov14/Proyectov14/WebKaizenHotel/src/java/Modelo/Conexion.java</file>
            <file>file:/D:/ING.%20SISTEMAS/5to%20ciclo/Lenguaje%20de%20programacion%20orientado%20a%20web-Saulo%20Pineda/Web%20Hotel/Proyectov14/Proyectov14/WebKaizenHotel/src/java/Modelo/Entidad/Reserva.java</file>
        </group>
    </open-files>
</project-private>
